<?xml version="1.0" encoding="UTF-8"?>
<extension type="module" client="site" method="upgrade">
	<name>mod_articles_list_category</name>
	<author>kaushik Vishwakarma</author>
	<creationDate>2022-05</creationDate>
	<copyright>[copyright]</copyright>
	<license>[license]</license>
	<authorEmail>kaushik.vishwakarma2003@gmail.com</authorEmail>
	<authorUrl>www.joomla.org</authorUrl>
	<version>3.0.0</version>
	<description>MOD_ARTICLES_LIST_CATEGORY_XML_DESCRIPTION</description>
	<namespace path="src">Kaushik\Module\ArticlesListCategory</namespace>
	<files>
		<folder module="mod_articles_list_category">services</folder>
		<folder>src</folder>
		<folder>tmpl</folder>
	</files>
	<languages>
		<language tag="en-GB">language/en-GB/mod_articles_list_category.ini</language>
		<language tag="en-GB">language/en-GB/mod_articles_list_category.sys.ini</language>
	</languages>
	<help key="Site_Modules:_Articles_-_List_-_Category" />
	<config>
		<fields name="params">
			<fieldset name="basic">

			    <field
					name="catid"
					type="category"
					label="JCATEGORY"
					extension="com_content"
					multiple="true"
					layout="joomla.form.field.list-fancy-select"
					filter="intarray"
					class="multipleCategories"
				/>

                <field
					name="count"
					type="number"
					label="MOD_ARTICLES_LIST_CATEGORY_FIELD_ARTICLESCOUNT_LABEL"
					description="MOD_ARTICLES_LIST_CATEGORY_FIELD_ARTICLESCOUNT_DESC"
					default="3"
					filter="integer"
				/>

                <field
					name="ordering"
					type="list"
					label="MOD_ARTICLES_LIST_CATEGORY_FIELD_ORDERING_LABEL"
					default="p_dsc"
					validate="options"
					>
					<option value="c_dsc">MOD_ARTICLES_LIST_CATEGORY_OPTION_RECENT_ADDED</option>
					<option value="m_dsc">MOD_ARTICLES_LIST_CATEGORY_OPTION_RECENT_MODIFIED</option>
					<option value="p_dsc">MOD_ARTICLES_LIST_CATEGORY_OPTION_RECENT_PUBLISHED</option>
					<option value="mc_dsc">MOD_ARTICLES_LIST_CATEGORY_OPTION_RECENT_TOUCHED</option>
				</field>

                <field
					name="direction"
					type="list"
					label="MOD_ARTICLES_LIST_CATEGORY_FIELD_ORDERING_DIRECTION_LABEL"
					default="DESC"
					validate="options"
					>
					<option value="DESC">MOD_ARTICLES_LIST_CATEGORY_OPTION_DIRECTION_DESC</option>
					<option value="ASC">MOD_ARTICLES_LIST_CATEGORY_OPTION_DIRECTION_ASC</option>
				</field>

			</fieldset>

			<fieldset
				name="display"
				label="MOD_ARTICLES_LIST_CATEGORY_FIELD_GROUP_DISPLAY_LABEL"
				>

				<field
					name="show_date"
					type="radio"
					layout="joomla.form.field.radio.switcher"
					label="JDATE"
					default="0"
					filter="integer"
					>
					<option value="0">JHIDE</option>
					<option value="1">JSHOW</option>
				</field>

				<field
					name="show_date_field"
					type="list"
					label="MOD_ARTICLES_LIST_CATEGORY_FIELD_DATEFIELD_LABEL"
					default="publish_up"
					showon="show_date:1"
					validate="options"
					>
					<option value="created">MOD_ARTICLES_LIST_CATEGORY_OPTION_CREATED_VALUE</option>
					<option value="modified">MOD_ARTICLES_LIST_CATEGORY_OPTION_MODIFIED_VALUE</option>
					<option value="publish_up">MOD_ARTICLES_LIST_CATEGORY_OPTION_STARTPUBLISHING_VALUE</option>
				</field>

				<field
					name="show_date_format"
					type="text"
					label="MOD_ARTICLES_LIST_CATEGORY_FIELD_DATEFIELDFORMAT_LABEL"
					description="MOD_ARTICLES_LIST_CATEGORY_FIELD_DATEFIELDFORMAT_DESC"
					default="Y-m-d H:i:s"
					showon="show_date:1"
				/>

				<field
					name="show_category"
					type="radio"
					layout="joomla.form.field.radio.switcher"
					label="JCATEGORY"
					default="0"
					filter="integer"
					>
					<option value="0">JHIDE</option>
					<option value="1">JSHOW</option>
				</field>

				<field
					name="show_author"
					type="radio"
					layout="joomla.form.field.radio.switcher"
					label="JAUTHOR"
					default="0"
					filter="integer"
					>
					<option value="0">JHIDE</option>
					<option value="1">JSHOW</option>
				</field>

				<field
					name="show_introtext"
					type="radio"
					layout="joomla.form.field.radio.switcher"
					label="MOD_ARTICLES_LIST_CATEGORY_FIELD_SHOWINTROTEXT_LABEL"
					default="0"
					filter="integer"
					>
					<option value="0">JHIDE</option>
					<option value="1">JSHOW</option>
				</field>

				<field
					name="introtext_limit"
					type="number"
					label="MOD_ARTICLES_LIST_CATEGORY_FIELD_INTROTEXTLIMIT_LABEL"
					default="100"
					filter="integer"
					showon="show_introtext:1"
				/>

			</fieldset>

			<fieldset name="advanced">

				<field
					name="layout"
					type="modulelayout"
					label="JFIELD_ALT_LAYOUT_LABEL"
					class="form-select"
					validate="moduleLayout"
				/>

				<field
					name="moduleclass_sfx"
					type="textarea"
					label="COM_MODULES_FIELD_MODULECLASS_SFX_LABEL"
					rows="3"
					validate="CssIdentifier"
				/>

				<field
					name="owncache"
					type="list"
					label="COM_MODULES_FIELD_CACHING_LABEL"
					default="1"
					filter="integer"
					validate="options"
					>
					<option value="1">JGLOBAL_USE_GLOBAL</option>
					<option value="0">COM_MODULES_FIELD_VALUE_NOCACHING</option>
				</field>

				<field
					name="cache_time"
					type="number"
					label="COM_MODULES_FIELD_CACHE_TIME_LABEL"
					default="900"
					filter="integer"
				/>
			</fieldset>
		</fields>
	</config>
</extension>
